Timestamp,Time Shift (s),Point 0 x [m],Point 0 y [m],Point 1 x [m],Point 1 y [m],Point 2 x [m],Point 2 y [m],Point 3 y [m],Walking Speed [m/s],Step width [m],Step frequency [Hz],Weight [N],Reverse Direction,Cost Function Value,Normalized Cost Func
2019-04-25T160853-782Z,6.47,0,1.682134,3.604538,0.747895,13.593201,1.635411,1.8,1.469837,0.106609,1.840297,2724.675296,1,0.000136529,5.01E-08
2019-04-25T182305-789Z,4.67,0,1.793289,2.508262,1.581974,14.047975,1.686962,1.8,1.449936,0.162963,1.978621,2309.786695,0,0.000129678,5.61E-08
2019-04-26T231839-375Z,1.29,0,1.821361,1.289045,1.176839,14.14848,1.111665,1.8,1.402472,0.171675,1.884491,2880.650638,1,0.000115225,4.00E-08
2019-04-25T170300-845Z,6.67,0,1.827334,1.492686,1.080991,10.338166,1.081072,1.8,1.434334,0.152314,1.938891,2753.374582,1,0.000124584,4.52E-08
2019-04-26T002920-163Z,5.72,0,1.878169,1.113419,1.321459,11.020669,1.31879,1.8,1.200431,0.118405,1.83909,2618.53397,1,0.000142457,5.44E-08
2019-04-24T221714-723Z,4.65,0,1.886369,1.01,1.470384,15.675588,1.22182,1.784026,1.424219,0.06465,1.929992,3001.576761,0,0.000136093,4.53E-08
2019-04-25T223113-541Z,7.24,0,1.900944,1.492301,1.317848,15.8,1.524764,1.8,1.350785,0.186729,1.807403,4053.207318,1,0.000172031,4.24E-08
2019-04-26T185902-622Z,1.44,0,2.05,1.471382,1.314309,15.8,1.26872,1.758762,1.421827,0.205915,1.878574,2792.122568,0,0.000134166,4.81E-08
2019-04-25T181333-679Z,5.84,0.004446,1.612968,7.608791,1.131979,14.476868,1.656099,1.8,1.215412,-0.22556,1.773077,3295.595756,1,0.000172248,5.23E-08
2019-04-26T204428-740Z,11.64,0.005465,1.55,5.461585,1.020542,8.791587,1.055011,1.8,1.084035,0.084157,1.726013,3364.599621,1,0.000172275,5.12E-08
2019-04-26T010930-752Z,7.39,0.018852,1.820006,1.102967,1.294096,14.305668,1.373783,1.8,1.637698,0.149693,2.046348,3264.258505,1,0.000132368,4.06E-08
2019-04-25T225944-799Z,4.72,0.021544,1.817139,2.747763,1.535618,14.687167,0.926682,1.8,1.42313,-0.195264,1.957059,3517.664599,0,0.000173583,4.93E-08
2019-04-24T211424-102Z,5.72,0.042788,1.730417,1.817427,0.918575,14.268032,1.491064,1.8,1.375853,0.079855,1.967094,2639.731544,1,0.000124089,4.70E-08
2019-04-26T182433-146Z,0.25,0.114645,1.566931,2.741097,1.009425,13.543339,1.419726,1.8,1.24002,-0.129554,1.841837,3378.911711,1,0.000172623,5.11E-08
2019-04-24T231720-122Z,6.89,0.11896,1.751561,1.809865,1.353546,11.906593,2.158273,1.8,1.674063,0.030337,1.920431,2946.332799,1,0.000137452,4.67E-08
2019-04-26T164541-845Z-sp,6.02,0.12791,1.755019,3.057714,0.721415,14.688021,0.700308,1.756298,1.401058,0.35736,2.003853,2472.440523,1,0.000103014,4.17E-08
2019-04-26T231633-621Z,4.96,0.1391,2.016229,1.464693,1.487283,14.869035,0.983199,1.742996,1.550432,-0.094793,1.975627,2773.73537,0,0.000137631,4.96E-08
2019-04-26T231151-810Z,10.68,0.143403,1.578382,1.94915,0.77902,13.38304,1.58317,1.8,1.216934,0.17702,1.663451,3608.12122,1,0.00016299,4.52E-08
2019-04-26T011301-545Z,6.55,0.150024,1.727427,4.125099,0.751982,12.307258,1.589101,1.8,1.73062,-0.104714,1.976328,4493.807168,1,0.000185325,4.12E-08
2019-04-26T161828-381Z,7.26,0.158191,1.804385,1.999228,1.080965,13.963473,1.726047,1.8,1.564178,0.040294,1.942585,3001.127851,1,0.000130472,4.35E-08
2019-04-25T184450-091Z,7.11,0.165117,1.569407,1.704614,0.884195,14.332882,1.58523,1.8,1.38442,0.185508,1.906937,3454.597382,1,0.000151496,4.39E-08
2019-04-25T222210-744Z,6.43,0.186301,1.623741,2.357612,0.547027,8.50146,1.734094,1.8,1.254934,-0.02239,1.781007,2931.858707,1,0.000166126,5.67E-08
2019-04-25T203433-423Z,4.51,0.191186,1.801051,2.440982,1.478039,15.510426,1.296627,1.8,1.686348,0.216433,1.947233,3648.681526,0,0.000148777,4.08E-08
2019-04-25T223213-282Z,2.43,0.195603,1.804707,3.402792,1.017869,14.606259,0.862622,1.775487,1.261011,-0.065282,1.775861,4079.881195,0,0.000189384,4.64E-08
2019-04-25T170058-567Z,6.33,0.198736,1.559598,1.526454,1.182104,14.328137,1.361781,1.799353,1.675503,0.11488,1.972213,4017.130388,1,0.000166457,4.14E-08
2019-04-27T013154-624Z,10.54,0.205967,1.717981,3.921006,1.811449,15.512636,1.119257,1.762938,1.467316,0.210212,1.852665,3277.594168,0,0.000170125,5.19E-08
2019-04-24T215434-368Z,6.8,0.209253,1.763661,1.965474,0.88555,14.215919,1.41345,1.8,1.634999,-0.099872,1.992708,2821.082314,1,0.000130649,4.63E-08
2019-04-24T221546-965Z,6.01,0.226241,1.839581,3.544491,1.219418,14.223841,1.005926,1.794808,1.69293,0.094359,2.071059,3105.561567,0,0.000143262,4.61E-08
2019-04-25T154350-638Z,7.46,0.237731,1.583021,6.784747,0.881472,13.67261,1.537524,1.8,1.405942,-0.077468,1.970434,2100.717266,1,0.00010538,5.02E-08
2019-04-25T164238-665Z,5.95,0.243164,1.562395,3.20712,0.543813,12.037004,1.996237,1.8,1.293709,0.051715,1.791563,4206.069659,1,0.000202017,4.80E-08
2019-04-24T201326-800Z,6.92,0.244431,1.803474,2.445018,0.730333,14.100384,1.761616,1.8,1.823999,0.060443,2.039324,3726.997238,1,0.000144079,3.87E-08
2019-04-27T002323-752Z,11.35,0.245757,1.796539,2.663319,0.587761,13.917288,1.069503,1.8,1.184793,-0.000178,1.785057,2462.667484,1,0.000175134,7.11E-08
2019-04-25T174601-781Za,1.98,0.248665,1.819551,2.526925,1.610875,14.08052,1.428307,1.8,1.50245,0.137994,1.912108,3412.106498,0,0.000179177,5.25E-08
2019-04-26T220543-379Z,1.8,0.266786,1.788964,1.620674,1.11202,14.770046,1.054925,1.799997,1.396212,-0.113892,1.930356,2915.849902,0,0.000130284,4.47E-08
2019-04-25T231617-256Z,4.82,0.271301,1.892175,3.39964,1.376624,10.451674,0.891753,1.729006,1.499127,-0.21662,1.908181,2949.813416,0,0.000127421,4.32E-08
2019-04-26T205748-616Z-sp,1.55,0.276802,1.742429,3.104357,1.901542,14.150821,1.650082,1.8,1.446847,0.032723,1.805766,4422.083939,0,0.00030703,6.94E-08
2019-04-27T003059-587Z,1.39,0.286948,1.779948,2.188998,1.033321,13.980107,1.280184,1.8,1.334217,0.194822,1.927095,2710.806664,1,0.00013032,4.81E-08
2019-04-25T231224-780Z,6.9,0.29262,1.78241,1.682822,1.087309,13.590752,1.804228,1.8,1.450964,0.197882,2.005251,2732.10465,1,0.000127377,4.66E-08
2019-04-25T180838-688Z,5.14,0.309708,1.680241,5.102204,1.791593,15.792448,1.192914,1.69669,1.429828,-0.027391,1.868495,3997.328522,0,0.000217471,5.44E-08
2019-04-26T213137-581Z-sp,8.88,0.312121,1.685524,8.154161,1.149753,15.584741,1.633264,1.8,1.437575,0.100746,1.767937,3975.238496,1,0.000229235,5.77E-08
2019-04-25T181154-300Z,5.1,0.320261,1.787863,2.850249,1.274638,15.206651,0.988664,1.785339,1.330257,-0.147573,1.908975,3384.275979,0,0.000183847,5.43E-08
2019-04-25T150743-510Z,7.77,0.336302,1.778075,1.862444,1.025481,14.021996,1.845983,1.8,1.647033,-0.115716,2.138288,3283.433497,1,0.000169011,5.15E-08
2019-04-25T164338-741Z,6.18,0.336754,1.551526,5.732844,0.548458,14.520342,1.492562,1.8,1.391411,0.018668,1.778197,3036.791986,1,0.000147464,4.86E-08
2019-04-24T201032-604Z,3.71,0.336778,1.785101,2.008183,1.391001,14.592328,0.96189,1.647621,1.390573,0.211842,1.829035,4309.2109,0,0.000198409,4.60E-08
2019-04-24T222645-550Z,4.88,0.337825,1.821353,3.495252,1.070838,15.091267,1.11533,1.799994,1.447762,-0.037831,1.838958,4736.571231,0,0.000228531,4.82E-08
2019-04-24T223719-405Z,4.45,0.373114,1.755782,2.496772,1.513037,14.102383,1.659307,1.8,1.440251,-0.215721,1.807827,4108.820379,0,0.000206486,5.03E-08
2019-04-26T201312-518Z,6.47,0.378884,1.793691,1.759855,1.103206,14.078855,1.47137,1.8,1.601033,0.230254,2.102808,2273.03623,1,0.000106388,4.68E-08
2019-04-26T004136-685Z,7.2,0.380464,1.558659,3.645408,0.598372,14.915341,1.077415,1.741564,1.398162,0.212306,1.998313,2553.221809,1,0.00012934,5.07E-08
2019-04-26T171400-207Z,6.17,0.388554,1.76319,3.304653,1.831768,15.349503,1.082412,1.798425,1.711104,0.101535,1.989268,4492.726877,0,0.00019023,4.23E-08
2019-04-25T005119-127Z,5.11,0.388975,1.769804,5.11151,1.289711,15.8,1.419251,1.775729,1.221188,-0.355911,1.756569,3193.244661,0,0.000147556,4.62E-08
2019-04-26T202443-086Z,9.04,0.389166,1.797766,2.843959,1.72796,14.037087,1.619619,1.8,1.408085,0.009701,2.007804,2605.963713,0,0.000137514,5.28E-08
2019-04-24T232002-451Z,7.16,0.398126,1.628643,3.931202,0.898825,13.132321,1.20668,1.8,1.415442,0.226105,1.87628,3476.201009,1,0.000151467,4.36E-08
2019-04-26T212000-575Z,8.9,0.424063,1.811538,2.517853,1.607023,14.372631,0.924133,1.8,1.424275,-0.104075,1.77448,3963.606448,0,0.000208317,5.26E-08
2019-04-24T211604-307Z,7.04,0.427119,1.562708,1.529401,1.011567,15.165733,0.875832,1.692965,1.216389,-0.009588,1.766711,2795.066798,1,0.00014736,5.27E-08
2019-04-24T215934-508Z,6.31,0.428374,1.663898,4.137625,1.328532,15.798484,1.348003,1.798712,1.274857,0.109104,1.681452,2307.893726,1,0.000102998,4.46E-08
2019-04-24T215828-458Z,4.41,0.430556,1.832431,4.532688,1.48616,15.549489,1.496958,1.8,1.347313,0.045512,1.728511,2308.339143,0,0.000111284,4.82E-08
2019-04-24T220125-124Z,5.37,0.433473,1.707086,2.066581,1.540639,13.277761,1.089541,1.799987,1.341245,0.220796,1.772753,4017.903243,0,0.000187418,4.66E-08
2019-04-25T231357-826Z,3.76,0.435753,1.794741,2.976179,1.557957,13.976722,1.867903,1.8,1.378614,0.057677,1.823847,4018.165528,0,0.000232944,5.80E-08
2019-04-27T005552-469Z,9.03,0.44306,1.55,3.004475,0.419915,11.387166,1.696068,1.8,1.236331,-0.381066,1.744141,4086.915361,1,0.000241266,5.90E-08
2019-04-26T191914-350Z,8.73,0.463411,1.795268,2.967238,1.732158,13.996188,1.477537,1.8,1.350291,-0.0017,1.887267,2744.486968,0,0.000199698,7.28E-08
2019-04-26T211600-955Z,2.34,0.468475,1.561023,1.878519,1.029442,15.152875,1.642194,1.8,1.364421,-0.191377,1.793701,2958.182325,1,0.000141802,4.79E-08
2019-04-26T182520-079Z-sp,6.05,0.472086,1.700432,7.38826,0.863283,14.869611,0.902381,1.714823,1.603138,-0.078917,2.060457,2197.212556,0,0.000186385,8.48E-08
2019-04-26T180544-783Z,0.67,0.472935,1.62774,6.942665,1.116366,15.609979,1.343577,1.735748,1.477851,0.204412,1.976376,4764.444383,0,0.000215977,4.53E-08
2019-04-26T210135-268Z,1.86,0.473505,1.776714,3.029674,1.814931,15.091434,0.905022,1.759305,1.287747,-0.138784,1.890739,3389.613522,0,0.000178535,5.27E-08
2019-04-25T222116-750Z,5,0.476161,1.789841,2.80015,1.180819,13.980397,1.31052,1.8,1.397754,0.033726,1.981839,2181.138244,0,9.04E-05,4.15E-08
2019-04-26T181919-234Z,5.84,0.479691,1.79814,2.44036,1.485899,15.706513,1.253244,1.799987,1.658922,-0.223207,2.165186,2219.315234,0,9.91E-05,4.47E-08
2019-04-26T232322-748Z,1.81,0.484597,1.594499,4.453793,1.454503,15.8,1.362398,1.8,1.329577,0.057972,1.757947,2665.007142,0,0.000137248,5.15E-08
2019-04-26T223814-232Z-sp,1.13,0.48653,1.623091,1.777489,0.977611,14.921926,1.231376,1.767107,1.20938,0.189731,1.797323,3092.557729,0,0.000177205,5.73E-08
2019-04-24T215912-437Z,4.68,0.490344,1.733329,2.284418,1.529103,15.491035,1.439763,1.8,1.229011,0.033507,1.688067,2176.478189,0,0.000111763,5.14E-08
2019-04-25T224202-117Z-sp,4.52,0.494385,1.755034,2.628613,1.661546,15.586981,1.177368,1.783878,1.201053,0.055831,1.789734,3219.403031,0,0.000177658,5.52E-08
2019-04-26T190052-015Z,10.13,0.497718,1.746717,1.702271,1.165345,14.492833,1.492841,1.8,1.326722,0.017258,1.828253,2620.866487,1,0.000136674,5.21E-08
2019-04-27T013244-487Z,2.62,0.498776,1.781941,2.807904,1.697912,15.617343,1.349007,1.8,1.407897,0.176336,2.016466,2608.488865,0,0.000130893,5.02E-08
2019-04-24T204603-770Z,6.16,0.501402,1.557313,1.679481,0.968274,15.301521,1.427299,1.8,1.200961,-0.073336,1.896287,2751.656168,1,0.000138675,5.04E-08
2019-04-26T230208-540Z,6.38,0.503392,1.55,8.4,1.719812,14.367191,1.249258,1.8,1.351865,0.108653,1.900242,2720.312628,1,0.000155806,5.73E-08
2019-04-24T224038-310Z,5.04,0.505534,1.752106,2.607385,1.614578,15.759444,1.279716,1.799994,1.292876,-0.066849,1.846976,3396.113875,0,0.000173023,5.09E-08
2019-04-25T172007-688Z,6.77,0.507136,1.550621,2.195983,0.919768,14.309035,1.700889,1.8,1.297687,0.230379,2.015012,2450.858843,1,0.000117357,4.79E-08
2019-04-24T210415-584Z,4.53,0.511857,1.744269,3.121418,1.400303,15.397388,1.165924,1.794822,1.364355,0.079031,1.989142,2799.63854,0,0.000145468,5.20E-08
2019-04-25T204450-438Z,6.04,0.512494,1.694357,3.940773,1.33223,13.579405,0.881119,1.766655,1.361277,0.102217,1.974767,2838.139086,0,0.000125919,4.44E-08
2019-04-24T215957-887Z,5.31,0.514375,1.824022,1.751233,1.255442,14.986436,1.047172,1.799695,1.219199,0.022891,1.608488,4162.71942,0,0.0002294,5.51E-08
2019-04-25T175833-420Z,6.42,0.520973,1.803334,2.640198,1.408329,14.104772,1.465349,1.8,1.074357,0.055075,1.598077,2277.82256,1,0.000127727,5.61E-08
2019-04-25T220704-676Z,6.9,0.523463,1.646806,2.229144,0.793965,14.31861,1.515483,1.8,1.450056,-0.099587,2.102637,2287.213444,1,0.000111428,4.87E-08
2019-04-26T011513-811Z,5.51,0.5369,1.921458,1.68819,1.345813,15.758723,1.273768,1.794406,1.453678,0.009896,1.880624,4510.497022,0,0.000230039,5.10E-08
2019-04-24T220041-617Z,4.22,0.541868,1.786603,2.150783,1.464215,15.309732,1.116932,1.793561,1.294496,-0.039842,1.736019,4189.095547,0,0.000175547,4.19E-08
2019-04-26T231824-342Z,10.26,0.544392,1.753401,3.597836,1.656778,13.658883,0.46724,1.648346,1.617006,0.195012,2.084385,3272.171509,0,0.000184259,5.63E-08
2019-04-25T214149-923Z,4.9,0.549681,1.784794,8.234259,0.704373,15.616193,1.126002,1.717906,1.490648,0.17451,1.916417,2824.916786,0,0.000132831,4.70E-08
2019-04-24T213309-195Z,4.87,0.561105,1.773567,2.951649,1.530214,10.331412,0.98521,1.8,1.12283,0.149036,1.877005,2729.494818,0,0.000137812,5.05E-08
2019-04-27T015616-052Z,0.71,0.570895,1.55,8.4,1.92558,15.74379,1.318846,1.8,1.342236,-0.134495,1.813896,3313.476168,0,0.00015358,4.64E-08
2019-04-26T202300-164Z,10.86,0.573011,1.569334,1.627015,1.042332,15.733508,1.33397,1.799932,1.295516,-0.061597,1.884996,2606.302571,1,0.000127376,4.89E-08
2019-04-24T215758-476Z,7.26,0.574481,1.59779,3.674679,1.434666,15.8,1.464269,1.8,1.247785,-0.21065,1.652981,2339.986309,1,0.000100186,4.28E-08
2019-04-25T152106-897Z,4.62,0.581492,1.720921,3.208488,1.364738,15.642835,1.358405,1.8,1.698344,-0.031941,2.213071,2464.056666,0,0.000131867,5.35E-08
2019-04-24T212613-342Z,6.77,0.586513,1.757588,2.056727,1.10715,14.674228,1.058076,1.8,1.51276,0.230346,1.965228,2930.09284,1,0.000124409,4.25E-08
2019-04-26T190856-641Z,1.64,0.591442,1.721074,1.841861,1.095864,12.951551,1.381217,1.8,1.278508,-0.051478,1.845306,3635.892662,1,0.000175302,4.82E-08
2019-04-25T233402-680Z,4.53,0.591594,1.773126,4.227664,1.444998,8.95138,0.849132,1.8,1.263771,-0.073859,1.86525,2836.925817,0,0.000147137,5.19E-08
2019-04-24T220017-985Z,7.41,0.592052,1.786323,8.255799,1.182427,13.108429,1.521226,1.8,1.372835,0.055677,1.780536,3909.675234,1,0.000151009,3.86E-08
2019-04-24T213140-681Z,6.66,0.593119,1.768568,1.912755,1.158228,14.088633,1.694545,1.8,1.14716,-0.003174,1.854028,2681.956014,1,0.000142128,5.30E-08
2019-04-25T181055-627Z,6.76,0.594953,1.551094,1.967411,1.075792,15.30674,1.128848,1.738712,1.334151,-0.14226,1.778069,4139.98645,1,0.000197096,4.76E-08
2019-04-25T162811-218Z,6.97,0.59541,1.575866,2.544037,0.629684,15.681832,1.333231,1.799995,1.445036,-0.078095,2.090714,1897.130166,1,8.89E-05,4.69E-08
2019-04-24T220058-162Z,7.4,0.595541,1.752714,8.4,1.070635,15.542527,1.447152,1.799999,1.297472,-0.116467,1.755069,4061.007528,1,0.000203183,5.00E-08
2019-04-25T165701-950Z,5.17,0.603382,1.790275,2.524754,1.600286,15.397401,1.172739,1.8,1.514647,-0.293386,1.908507,3385.14621,0,0.000168215,4.97E-08
2019-04-26T205429-448Z,1.73,0.604916,1.710956,2.21101,1.435616,15.487303,1.093655,1.750004,1.247816,-0.17184,1.841609,3497.796262,0,0.000177098,5.06E-08
2019-04-26T210603-931Z,9.01,0.618224,1.762104,3.010551,1.757192,15.305157,1.474727,1.8,1.539671,0.081344,1.880138,4477.239457,0,0.000205453,4.59E-08
2019-04-25T190003-110Z,5.77,0.61898,1.796134,3.312078,0.482931,14.022456,0.792442,1.8,1.158304,-0.027492,1.870349,2162.750209,1,0.000165267,7.64E-08
2019-04-26T182810-727Z,7.26,0.622642,1.745758,1.622642,1.284453,15.741065,1.268247,1.797714,1.408328,-0.050558,2.015391,2913.196186,1,0.00014229,4.88E-08
2019-04-24T205244-293Z,5.92,0.62365,1.824799,3.114938,1.451516,9.600711,0.576308,1.782653,1.435465,0.104123,1.923934,2700.086454,0,0.000111026,4.11E-08
2019-04-25T150945-390Z,4.67,0.625214,1.777535,2.507811,1.306104,15.261199,1.197431,1.799999,1.477797,-0.058984,2.107086,3127.56226,0,0.000165597,5.29E-08
2019-04-25T183914-468Z,7.65,0.628558,1.803703,2.051905,1.09203,14.107533,1.524178,1.8,1.459372,-0.000768,2.032643,2540.345149,1,0.000139506,5.49E-08
2019-04-25T164558-052Zb,1.92,0.631163,1.827463,1.632996,1.326547,14.824449,1.083547,1.780713,1.414371,0.180692,1.886686,2902.986387,1,0.000142141,4.90E-08
2019-04-26T011000-642Z,6.49,0.631744,1.719477,3.415842,1.271665,15.187133,1.036446,1.793382,1.309955,0.114398,1.929922,2623.534859,0,0.000126708,4.83E-08
2019-04-25T231337-194Z,1.31,0.632925,1.725895,3.08184,1.300645,15.799177,1.312166,1.793866,1.324598,0.040628,1.976782,2534.725501,0,0.000125004,4.93E-08
2019-04-26T173447-976Z,9.69,0.63296,1.55,3.060258,0.872763,14.261114,1.303787,1.8,1.144498,-0.009123,1.808168,2534.517769,1,0.000114638,4.52E-08
2019-04-24T205558-147Z,4.57,0.633682,1.55,4.192458,0.703401,15.568411,1.216244,1.744689,1.447534,-0.179303,2.115751,3358.529947,0,0.000208385,6.20E-08
2019-04-26T183024-086Z,4.49,0.634516,1.845907,2.716966,1.158454,14.48748,1.526316,1.8,1.448786,-0.342389,1.907713,2237.248872,0,0.000121804,5.44E-08
2019-04-25T222634-379Z,5.92,0.637298,1.719067,8.4,2.039452,15.135797,1.532413,1.8,1.275094,-0.005357,2.000781,2968.926969,0,0.000179011,6.03E-08
2019-04-25T151833-318Z,7.35,0.637764,1.55,7.121739,0.593571,15.630338,1.215017,1.799849,1.368836,-0.079649,1.997352,2526.712874,1,0.000129022,5.11E-08
2019-04-25T215648-786Z,7.04,0.639647,1.788227,2.908773,1.70911,13.983989,1.350564,1.8,1.153389,-0.116892,1.803164,2440.92822,0,0.000162183,6.64E-08
2019-04-25T155639-314Z,7.73,0.64211,1.764289,2.331403,1.036299,15.520917,1.504423,1.8,1.425008,0.120773,1.884254,3478.276439,1,0.000158268,4.55E-08
2019-04-25T212304-414Z,4.22,0.64649,1.772486,2.330425,1.608838,15.12471,1.17226,1.8,1.246754,-0.180396,1.845285,3382.93595,0,0.000188671,5.58E-08
2019-04-25T233448-137Z,5.32,0.652413,1.78354,2.711484,1.855168,15.8,1.424376,1.799997,1.445421,0.359149,2.028877,2539.015983,0,0.000128905,5.08E-08
2019-04-26T183109-790Z-sp,8.38,0.655307,1.816735,3.010489,0.642693,14.238663,0.956459,1.8,1.569144,-0.019558,2.093624,2257.834928,0,0.000160762,7.12E-08
2019-04-26T203859-435Z,9.06,0.6574,1.762692,3.203896,1.365441,14.757019,0.896548,1.784932,1.351511,0.152115,1.880838,3275.382246,0,0.000171116,5.22E-08
2019-04-25T200818-021Z,4.95,0.657812,1.715558,2.678809,1.645356,15.8,1.378543,1.786171,1.468217,0.380813,2.05305,2563.640297,0,0.000117153,4.57E-08
2019-04-24T204034-354Z,7.37,0.662727,1.788735,1.826579,1.20681,14.300448,1.577565,1.8,1.470978,-0.186612,1.951793,2664.483049,1,0.000111133,4.17E-08
2019-04-26T213827-299Z,9.32,0.663145,1.645365,2.763754,0.848574,13.781951,1.385008,1.8,1.606148,0.022121,2.131559,2290.278198,1,0.000104253,4.55E-08
2019-04-25T150302-483Z,2.77,0.66465,1.55,6.420009,1.377694,13.803679,1.774981,1.8,1.217956,-0.065774,1.832476,2463.192447,0,0.000155103,6.30E-08
2019-04-25T215246-618Z,2.6,0.664818,1.587787,8.4,1.18906,15.784084,1.664519,1.802299,1.067321,0.142415,1.581614,3688.865157,0,0.000197952,5.37E-08
2019-04-26T225500-254Z,1.27,0.666978,1.55,3.230249,1.375853,15.6158,1.225432,1.780117,1.302534,-0.089565,1.95289,2695.797684,0,0.000148646,5.51E-08
2019-04-24T224825-175Z,4.16,0.667429,1.795264,2.839726,1.844645,14.131842,1.574288,1.8,1.380531,-0.069364,1.887415,3274.752395,0,0.000185921,5.68E-08
2019-04-26T194158-359Z,7.03,0.667858,1.55,1.795906,1.153538,14.931225,1.512736,1.8,1.200293,-0.093689,1.797229,2654.073845,1,0.000155261,5.85E-08
2019-04-24T233830-313Z,5.35,0.672337,1.779608,2.493635,1.538727,15.8,1.446731,1.8,1.294087,-0.023955,1.879117,2974.140897,0,0.000156746,5.27E-08
2019-04-25T181617-720Z,5.25,0.674418,1.780965,2.038493,1.489841,15.553631,1.455804,1.8,1.589568,0.318026,1.906714,3825.537538,0,0.000151167,3.95E-08
2019-04-25T233248-638Z,5.09,0.678663,1.799229,8.4,1.724338,12.739795,0.858977,1.738149,1.425458,-0.017141,1.949526,3502.393398,0,0.000174157,4.97E-08
2019-04-25T211850-543Z,7.36,0.681997,1.55,8.255717,0.685234,13.316405,1.281733,1.8,1.251352,-0.163809,1.834834,2349.347072,1,0.000102131,4.35E-08
2019-04-24T210536-576Z,7.72,0.682014,1.554191,2.75377,0.881903,15.439037,1.46193,1.8,1.364496,-0.192312,1.844202,4734.271159,1,0.000217939,4.60E-08
2019-04-24T212249-351Z,7.84,0.684786,1.55,4.385254,1.359256,15.8,1.597855,1.8,1.308199,-0.051416,1.910377,2672.270043,0,0.000149219,5.58E-08
2019-04-25T205937-710Z,6.92,0.684825,1.55,4.227916,1.335304,15.131273,1.099885,1.795676,1.215364,0.0752,1.774708,3378.454179,0,0.000194555,5.76E-08
2019-04-26T220910-532Z,2.18,0.684924,1.735584,2.466509,0.95424,14.138979,1.327422,1.8,1.474591,0.118643,2.048313,2498.902047,1,0.000136066,5.45E-08
2019-04-25T185355-623Z,7.2,0.686436,1.550277,2.497954,0.689443,14.648628,0.768934,1.755226,1.449261,0.090163,1.940492,2887.015831,1,0.000133517,4.62E-08
2019-04-25T153413-940Z,2.84,0.688662,1.718602,3.270184,1.761501,10.095232,1.193334,1.8,1.343317,0.212464,1.950618,2478.457516,0,0.000137883,5.56E-08
2019-04-24T210638-978Z,4.94,0.68943,1.877421,6.513844,1.271539,15.719055,1.195262,1.735735,1.28462,0.249027,1.803275,4647.157614,0,0.0002349,5.05E-08
2019-04-26T233800-973Z,2.06,0.68978,1.55,1.993805,1.114716,13.766143,1.625678,1.8,1.270723,0.145903,1.842215,2882.103371,1,0.000167908,5.83E-08
2019-04-25T011933-198Z,4.69,0.691427,1.792122,3.673706,1.154632,14.221463,0.38206,1.670858,1.274391,0.120566,1.731454,3171.875303,0,0.000201183,6.34E-08
2019-04-25T220844-170Z,5.64,0.691765,1.774559,3.287216,1.57524,13.510803,0.297628,1.680635,1.271669,-0.303849,1.773438,2761.789385,0,0.000152372,5.52E-08
2019-04-25T172119-670Z,5.71,0.693008,1.734183,3.450469,1.151294,15.065849,0.980723,1.8,1.459636,-0.00807,2.070076,2114.077602,0,0.000124358,5.88E-08
2019-04-25T152249-689Z,7.08,0.693279,1.581516,3.363558,0.973838,14.650963,1.037563,1.756996,1.410723,-0.153005,2.034856,2478.245809,1,0.000120845,4.88E-08
2019-04-25T183944-306Z,4.24,0.693974,1.796111,2.020108,1.40564,15.581375,1.313886,1.8,1.470347,-0.198531,1.954057,3255.607605,0,0.000162559,4.99E-08
2019-04-26T183258-408Z-sp,1.16,0.694973,1.865613,4.460468,1.453431,14.054325,1.375924,1.8,1.311421,-0.083541,1.887011,3245.185535,0,0.000187607,5.78E-08
2019-04-24T205032-354Z,4.61,0.695002,1.726403,4.260217,1.414313,15.8,1.367109,1.792914,1.213861,0.018756,1.746558,2676.132172,0,0.000159707,5.97E-08
2019-04-25T181841-660Z,3.61,0.695781,1.741881,2.679131,1.563549,15.56065,1.164854,1.78453,1.305698,-0.061995,1.876594,3145.882445,0,0.000169998,5.40E-08
2019-04-25T183627-057Z,3.66,0.697511,1.771802,3.020749,1.736598,14.024799,1.884149,1.8,1.235611,0.5,1.771458,2012.144369,0,0.000139092,6.91E-08
2019-04-25T175808-694Z,4.6,0.70371,1.762386,2.915614,1.660056,14.429225,1.648671,1.8,1.132045,0.174315,1.608681,2076.511861,0,0.000126052,6.07E-08
2019-04-25T194812-449Z,3.21,0.703888,1.695806,7.621966,0.695189,8.621966,0.668314,1.638969,1.28559,0.001624,1.826414,2397.582886,0,0.00013426,5.60E-08
2019-04-26T170440-045Z,8.11,0.704729,1.55,1.704729,1.13412,8.41,1.763142,1.8,1.253454,0.5,1.778632,3812.817859,1,0.000261099,6.85E-08
2019-04-25T210216-616Z,6.56,0.704731,1.571263,8.4,1.156068,15.761682,1.614426,1.8,1.302856,0.180227,1.84873,3202.371154,1,0.00015833,4.94E-08
2019-04-24T200650-288Z,7.89,0.709564,1.797409,2.505071,1.833112,15.156369,2.08714,1.8,1.398313,0.453601,1.970665,3195.287963,1,0.000163469,5.12E-08
2019-04-25T202915-810Z,7.54,0.714368,1.790088,2.901599,1.017723,13.972343,1.225761,1.8,1.417348,-0.001503,1.878072,3110.064272,1,0.000179239,5.76E-08
2019-04-25T212325-765Z,8.18,0.716331,1.55,2.14524,1.449139,13.591572,2.016627,1.8,1.32821,0.401287,1.854186,3233.155744,1,0.000195874,6.06E-08
2019-04-24T205531-441Z,7.49,0.718105,1.55,3.504238,1.005448,8.558886,0.867831,1.8,1.510473,-0.212828,2.103416,2536.738555,1,0.000119507,4.71E-08
2019-04-26T155756-013Z,4.49,0.719944,1.770502,2.034618,1.473303,15.8,1.406987,1.799733,1.436315,-0.317221,1.902725,3775.469032,0,0.000199577,5.29E-08
2019-04-25T171806-046Z,6.53,0.720481,1.55,3.644062,1.085691,13.05454,1.247002,1.8,1.33459,-0.203605,1.796624,3861.424902,1,0.000174914,4.53E-08
2019-04-24T222306-675Z-sp,4.87,0.720736,1.569827,3.594933,1.319221,15.635518,1.591286,1.8,1.502048,0.004989,2.084047,2376.419888,0,0.000151475,6.37E-08
2019-04-24T200533-067Z,6.62,0.724808,1.55,1.93986,1.147809,14.035514,1.709988,1.8,1.495777,-0.021777,2.063687,2642.067214,1,0.000129275,4.89E-08
2019-04-26T165335-181Z,4.94,0.725973,1.741194,2.703312,1.510803,14.686082,0.738692,1.73391,1.518672,-0.004816,2.091913,2320.045473,0,0.00011708,5.05E-08
2019-04-26T171108-140Z,7.03,0.727667,1.789088,2.296973,1.471733,14.714579,1.112069,1.8,1.445912,0.145649,1.974194,3417.896893,0,0.000162259,4.75E-08
2019-04-24T203220-741Z,4.86,0.728182,1.55,3.446215,1.33122,15.400767,1.094894,1.79451,1.506771,-0.032022,2.069223,2716.220861,0,0.000116354,4.28E-08
2019-04-24T220222-084Z,6.24,0.730907,1.837655,2.271453,1.550682,14.655357,1.575669,1.8,1.367223,0.125601,1.870584,3461.142023,1,0.00015853,4.58E-08
2019-04-25T215935-885Z,6.75,0.731475,1.552734,5.275829,1.061687,15.8,1.56851,1.8,1.7336,-0.179961,2.097673,3530.644871,1,0.000147975,4.19E-08
2019-04-26T181554-093Z,7.12,0.734353,1.55,2.453985,1.031117,14.373161,1.491818,1.8,1.550751,-0.151929,2.111723,2361.391424,1,0.000100165,4.24E-08
2019-04-25T165416-897Z,7.64,0.73488,1.70722,2.222173,1.128373,13.916354,1.073105,1.8,1.336541,0.151177,1.808767,3334.161032,1,0.000133722,4.01E-08
2019-04-24T233550-662Z,7.88,0.73508,1.584965,3.720803,0.866374,11.499481,2.050131,1.8,1.649813,-0.368377,2.131685,2495.209933,1,0.000139265,5.58E-08
2019-04-26T174920-369Z-sp,1.67,0.737529,1.7384,4.712659,1.171832,15.187516,1.134058,1.733406,1.444703,0.139909,1.958842,3292.053364,0,0.000179621,5.46E-08
2019-04-24T220204-399Z,5.34,0.739409,1.791062,2.618738,1.584035,14.797697,1.396147,1.8,1.400556,0.060835,1.867437,3308.480249,0,0.00017721,5.36E-08
2019-04-26T010826-341Z,7.39,0.739935,1.794973,1.795043,1.26742,13.302954,1.953847,1.8,1.465713,-0.159658,1.980866,2963.677417,1,0.00016464,5.56E-08
2019-04-25T203812-375Z,4.92,0.739951,1.71777,4.940583,1.224245,11.017116,0.908127,1.799073,1.343575,0.11249,1.815762,2518.986968,0,0.000118587,4.71E-08
2019-04-25T234632-386Z,7.84,0.740277,1.55,6.558656,0.243705,13.194237,1.029556,1.8,1.410405,0.027591,1.832604,4130.909733,1,0.000183563,4.44E-08
2019-04-24T205322-715Z,8.21,0.741056,1.55,3.685895,1.247916,14.236936,1.77689,1.8,1.469656,-0.20649,1.983193,2681.961543,1,0.00012855,4.79E-08
2019-04-25T181720-321Z,5.58,0.742545,1.791444,2.938279,1.586759,14.02849,1.459521,1.8,1.36118,-0.009173,1.832998,2495.628198,0,0.000230284,9.23E-08
2019-04-26T193125-483Z,5.15,0.742949,1.754732,2.469187,1.405628,15.549319,1.190429,1.789938,1.391003,-0.005305,1.841363,2814.435151,0,0.000158353,5.63E-08
2019-04-25T230018-300Z,6.21,0.745823,1.797722,2.42985,1.658636,14.897306,0.92139,1.8,1.546573,-0.059595,1.963899,2759.678407,0,0.000144267,5.23E-08
2019-04-25T191916-743Z,5.36,0.748323,2.05,7.882221,1.243095,15.360276,1.383771,1.8,1.450903,0.10372,1.938873,2831.474693,0,0.000139436,4.92E-08
2019-04-25T151901-644Z,6.88,0.749146,1.55,4.06965,0.641346,13.611174,0.91855,1.8,1.367213,0.066482,1.825029,3599.09556,1,0.000223488,6.21E-08
2019-04-26T234816-554Z,11.98,0.75019,1.805049,2.370993,1.656206,14.034189,1.726224,1.8,1.51665,-0.034156,2.021688,2298.543758,1,0.000115658,5.03E-08
2019-04-24T213841-812Z,5.27,0.750962,1.666978,3.619576,1.543624,15.8,1.586283,1.8,1.482244,-0.214878,1.973795,2483.16759,0,0.000137902,5.55E-08
2019-04-26T232416-980Z,8.72,0.751734,1.55,3.624482,0.91962,14.488085,1.52331,1.8,1.573612,-0.030619,2.093309,1690.022989,1,0.000101483,6.00E-08
2019-04-26T161111-301Z,11.99,0.752817,1.55,5.457653,0.610062,10.485393,1.555396,1.8,1.41345,-0.268436,1.875819,4436.085334,1,0.000195974,4.42E-08
2019-04-25T210038-521Z-sp,2.12,0.752974,1.71001,3.088132,1.633793,10.120654,0.909541,1.8,1.418737,0.112963,1.884176,3303.580152,0,0.000179122,5.42E-08
2019-04-24T201054-341Z,6.62,0.754601,1.55,3.936732,0.680484,15.659929,1.038658,1.595859,1.400853,0.096904,1.856415,4095.776271,1,0.000215845,5.27E-08
2019-04-24T233103-511Z,5.03,0.756277,1.75168,3.103168,1.793984,15.49841,1.377047,1.8,1.661735,-0.229747,2.197257,2466.161422,0,0.000136925,5.55E-08
2019-04-25T182332-256Z,7.95,0.757505,1.96332,3.502927,0.755308,13.01397,1.395101,1.8,1.722037,-0.290689,2.2733,3375.220702,1,0.000153455,4.55E-08
2019-04-24T200834-778Z,5.4,0.765692,1.552328,7.524083,0.444933,15.616257,1.418981,1.793263,1.544857,-0.078831,1.921766,2807.160607,0,0.000129181,4.60E-08
2019-04-24T204157-508Z,6.59,0.777764,1.817168,4.192658,2.089128,15.420724,1.22322,1.79305,1.564814,-0.022542,2.011939,3343.303859,0,0.000180319,5.39E-08
2019-04-26T201724-076Z,10.76,0.778444,1.55,4.762562,1.333626,15.469042,1.096049,1.761528,1.693279,0.071351,2.17521,2291.987129,0,0.000103654,4.52E-08
2019-04-25T184022-689Z,5.44,0.782523,1.767537,2.899774,1.665267,15.557178,1.167677,1.789088,1.63525,-0.010092,2.089714,2570.149249,0,0.000132008,5.14E-08
2019-04-26T210351-519Z,7.7,0.783133,1.787915,3.059086,1.943825,13.923437,1.770489,1.8,1.634484,0.212356,2.071315,1966.854858,0,0.000142162,7.23E-08
2019-04-26T190009-797Z,1.19,0.783142,1.721261,2.720987,1.58631,15.8,1.370625,1.79169,1.534108,0.181598,1.958916,3772.732742,0,0.000190261,5.04E-08
2019-04-26T173631-659Z,5.13,0.784311,1.778388,3.227509,1.743784,15.364289,1.081917,1.799772,1.491366,0.107361,1.901498,3743.041248,0,0.000202579,5.41E-08
2019-04-24T224908-537Z,7.19,0.785701,1.55,4.061602,1.326072,13.583352,1.573977,1.8,1.55203,-0.244861,1.975343,3425.443755,1,0.000165508,4.83E-08
2019-04-25T181638-474Z,2.94,0.78704,1.813553,3.872861,1.219831,15.313974,1.237407,1.766193,1.507069,-0.129843,1.914856,2800.737313,0,0.000126828,4.53E-08
2019-04-24T215743-734Z,4.08,0.788495,1.773145,2.927241,1.729935,14.284052,1.322308,1.8,1.393122,0.079873,1.766811,2350.784618,0,0.00010755,4.58E-08
2019-04-25T213431-008Z,6.55,0.789957,1.55,6.034264,1.097974,14.869963,1.690793,1.8,1.332047,-0.18201,1.686227,3679.188364,1,0.000164423,4.47E-08
2019-04-24T213522-488Z-sp,7.56,0.790797,1.55,2.341799,1.256543,14.201605,1.489544,1.8,1.329371,-0.218203,1.681051,4878.891425,1,0.000247288,5.07E-08
2019-04-25T210625-648Z,6.29,0.795071,1.55,4.625257,0.586082,13.974533,1.561125,1.8,1.446189,-0.103195,1.818944,2538.525344,1,0.000127453,5.02E-08
2019-04-24T220635-946Z,7.64,0.795186,1.643575,8.4,0.966802,14.149044,1.201406,1.8,1.384252,-0.190844,1.74079,3188.2279,1,0.000139733,4.38E-08
2019-04-24T215246-495Z,7.75,0.795954,1.55,3.892478,0.862959,15.079283,1.448629,1.799995,1.4115,-0.201873,1.773345,3886.139447,1,0.000182538,4.70E-08
2019-04-25T185927-846Z,5.35,0.801331,1.55,2.72848,1.462842,15.696478,1.235172,1.720815,1.712871,-0.049769,2.137532,2812.637116,0,0.000135549,4.82E-08
2019-04-25T200431-930Z,10.6,0.803395,1.696674,2.496126,1.606852,15.723862,1.332783,1.8,1.47659,-0.044941,1.837938,3477.757774,0,0.000155388,4.47E-08
2019-04-25T220334-121Z,7.4,0.805574,1.55,5.08321,0.341424,8.41,1.151056,1.8,1.367368,0.14888,1.697384,3189.002039,1,0.000196942,6.18E-08
2019-04-25T003222-051Z,5.36,0.807003,1.785895,2.938428,1.745147,14.974095,0.889553,1.792292,1.515159,-0.040587,1.877513,2879.557672,0,0.000159812,5.55E-08
2019-04-24T220143-426Z,8.25,0.812128,1.587968,7.027769,0.966589,15.751888,1.463918,1.778077,1.471162,-0.074802,1.811491,4461.247416,1,0.000202744,4.54E-08
2019-04-24T214952-833Z,6.67,0.812435,1.791094,3.137487,0.961124,14.166321,0.46354,1.778066,1.508456,0.02388,1.846458,3767.48002,0,0.000201184,5.34E-08
2019-04-25T200516-797Z,6.58,0.820816,1.796052,2.886007,1.895224,14.025917,1.729014,1.8,1.506838,-0.054405,1.817427,3358.132393,0,0.00022708,6.76E-08
2019-04-25T210107-746Z,1.62,0.823893,1.55,5.737772,0.611881,14.000734,0.252555,1.652188,1.540867,0.168459,1.870228,3363.455653,1,0.000147944,4.40E-08
2019-04-24T215849-920Z,6.81,0.824788,1.767118,2.993875,1.417439,14.306797,1.37598,1.8,1.405592,0.144197,1.704187,2244.096322,1,0.000130126,5.80E-08
2019-04-25T230628-467Z,5.23,0.825083,1.77999,2.6,1.545492,15.8,1.395997,1.8,1.597341,-0.045451,1.935977,3124.016449,0,0.000163677,5.24E-08
2019-04-26T011021-948Z,6.23,0.826916,2.039787,2.675815,1.926095,14.378452,1.982758,1.8,1.674,-0.136509,2.02439,3236.869221,0,0.000169022,5.22E-08
2019-04-26T003622-160Z,8.22,0.830515,1.55,3.278484,1.115741,15.219597,1.453642,1.8,1.564745,0.096159,1.884066,4212.044722,1,0.000192389,4.57E-08
2019-04-24T232457-826Z,4.21,0.835699,1.605981,5.001874,1.302437,15.8,1.336756,1.755809,1.555519,-0.173437,1.861339,3090.982877,0,0.000162504,5.26E-08
2019-04-25T163126-341Z,6.3,0.839978,1.697971,6.114489,1.323395,15.560012,1.442533,1.747327,1.596489,-0.064377,1.900633,3213.321748,0,0.000150222,4.67E-08
2019-04-25T184948-227Z,5.34,0.849631,1.606007,4.807603,1.466013,15.708934,1.503967,1.8,1.600813,-0.006326,1.884128,2577.399439,0,0.000154605,6.00E-08
2019-04-25T003954-492Z,5.82,0.852461,1.787417,2.85569,1.888457,14.121326,1.648826,1.8,1.618187,-0.365846,1.898252,3447.833333,0,0.000191254,5.55E-08
2019-04-24T212827-236Z,8.11,0.853377,1.645565,1.853377,1.145565,13.459411,1.362066,1.8,1.662154,-0.038932,1.796398,2661.518134,1,0.000150396,5.65E-08
2019-04-25T163952-419Z,7.21,0.856178,2.05,3.407656,2.034637,15.121522,1.198929,1.774028,1.606834,-0.112017,1.876753,3046.632162,0,0.000131462,4.31E-08
2019-04-26T231941-243Z,2.58,0.861185,1.804351,2.502029,1.971911,13.916529,1.889023,1.8,1.617227,0.01735,1.875035,2600.133206,1,0.000158584,6.10E-08
2019-04-25T225124-452Z-sp,2.69,0.861526,1.807761,2.833102,1.919787,13.842446,1.84834,1.8,1.642791,0.071382,1.906839,3566.76726,0,0.000185053,5.19E-08
2019-04-25T170143-714Z,7.76,0.862911,1.794923,2.936871,1.658331,14.050535,1.398577,1.8,1.646071,0.017759,1.907541,2932.688089,0,0.000215788,7.36E-08
2019-04-26T004423-242Z,4.78,0.867357,1.754479,4.006156,1.362291,15.780676,1.73573,1.8,1.633588,0.149406,1.883408,4206.249028,0,0.000207493,4.93E-08
2019-04-25T163903-947Z,8.06,0.890243,1.55,8.4,1.419558,13.454199,0.969522,1.8,1.774161,0.05257,1.992895,3231.879322,1,0.000110314,3.41E-08
2019-04-25T211705-129Z,8.1,0.896258,1.567713,8.4,0.494486,13.830408,0.805879,1.772519,1.955842,-0.214437,2.182232,3306.808862,1,0.000151277,4.57E-08
2019-04-25T200246-249Z,6.19,1,1.763889,3.406199,1.844029,15.8,1.489169,1.8,1.891335,0.134673,1.672425,3318.4834,0,0.000179625,5.41E-08
